year, winter, spring, summer, fall
2009,-1.40977620674694,-0.161523968774016,-2.61439118811118,0.0452090201449113
2010,0.129086764325704,-0.149448946837027,-30.4431762836046,-0.705720564933239
2011,-0.634414921199621,-0.131577286231875,-0.491840308118489,-0.282860397625829
2012,-5.16500808006916,-0.193591971539718,-1.79595947659629,-13.0855363205671
2013,0.0160287569996574,-0.321519799959679,0.189500826829843,-0.975809545577232
2014,-0.0442677799698927,0.0179857801462056,-0.0889805012787879,-0.385303723526362
2015,-0.184401514270752,-0.602217952819363,-4.63144366441006,0.00195084496804432
2016,0.0904117724805388,-0.703931110349773,0.0606968297494586,0.147566764101468
2017,-0.033421796961502,0.0874962132094066,-5.02384170400086,-7.18054857300907
