year, winter, spring, summer, fall
2011,-0.343056814484973,-4.07323379773228,0.833438832366391,-0.00329593016541696
2012,-0.0308031718795401,-19.8663296233385,0.168832111862846,-0.729514969005103
2013,0.0771510546449324,-0.963893837197371,-0.954298310086111,-7.4717316715912
2014,-4.32365574424843,-1.84869846636281,0.774030886626111,-3.02060638050658
2015,-1.82474913692775,-0.789238261675061,-0.185913558444177,-0.524699640666364
2016,-0.481167979328105,0.0943560474793093,-0.752471127864174,-25.8230339868314
2017,-1.19892055231846,-0.279565358645207,0.339407034359095,-1.10544486914177
