year, winter, spring, summer, fall
1995,-2.33899062092784,0.206981365085299,0.180264371631944,-4.76608739093973
1996,-2.75757453092027,0.181530291161378,-0.382499842739062,0.202056380539845
2015,-2.75217326064837,0.239974426739658,-0.156678119612442,-6.93107903242177
2016,0.0999607347072544,0.268692255518665,-0.397698619268231,0.22239869304184
2017,-0.174125620284072,0.114819659915901,-5.11108248610716,0.787747081896712
