year, winter, spring, summer, fall
2015,-209.573854693259,-5.92746645936421,-0.286900526784119,-12.4918684281699
2016,-22.3919080677728,0.863286173544121,-1.1570121862516,-5.73489539936157
2017,-6.55067846554197,0.247242201403326,-5.56830724096073,-12.5919016064017
