year, winter, spring, summer, fall
2012,-0.175290556305248,-2.14342067125172,-2.26938077157563,-24.668665245716
2013,-2.88509742978114,-0.588210411299128,-2.88880116009686,-35.6574457836586
2014,0.366741190302851,-2.06996197337264,-11.2446547784329,-18.9318437326073
2015,-1.59835497952369,-78.5084124876782,-17.3208399212378,-5.18554267605203
2016,0.598052722321866,-3.00281261396421,-13.9524204179615,-34.0555060382981
2017,-0.26618738465915,0.413996562283143,-11.905546662303,-2.45165757411352
