year, winter, spring, summer, fall
2007,-0.969962207037176,0.520008713914749,-2.42701286791665,-14.5499810185092
2008,0.752398488678461,0.689938159252815,-8.23606488859224,-1.3318718061033
2009,0.648441028769561,0.274834560133951,-0.144087886782663,-0.779125097543139
2015,0.768213632980604,0.669014523860633,-1.6983433511881,-1.43324227076845
2016,-0.266810155300421,0.39298405762589,-9.59514870807558,-13.3894893759099
2017,0.394682254970365,0.658816940773253,-0.107077968933787,-13.3055317710824
