year, winter, spring, summer, fall
2012,-14.0575840664861,-0.511227366853987,-64.5414235630646,-34.6297411142517
2013,0.532134791159906,0.328244728898788,0.245175539133039,-1.05377504591544
2014,0.163232131890259,-0.407522590281845,0.280287263877144,-0.26011920620171
2015,-1.35988011674636,-0.208830320273092,0.0593040115763804,-2.40618690410249
2016,0.257435128561992,0.477563886577977,-17.196137036405,0.00573711239124253
2017,0.212733804846493,0.00375111507080517,-0.613596165798075,-2.45230359516971
