year, winter, spring, summer, fall
2016,0.521823265814212,0.25961988138121,0.69191830174131,0.176280790776436
2017,0.0105094162538794,-0.86360519127981,0.569471853585988,-1.21488524449857
