year, winter, spring, summer, fall
2017,0.446775170052868,0.442292442317418,0.519814030117745,-1.23825712592241
