year, winter, spring, summer, fall
2009,-Inf,-18959.0405482525,-Inf,-37022.3762446538
2010,-1.40433434480045,0.307608233290284,0.00839441535410801,-0.500023163702965
2011,-164.90671259682,-1799.43746510323,-56188.7730353798,-6150.84889052416
2012,-333.253363484068,-4247.3202944648,-68330.2435411591,-263412.266124726
2013,-8097.95577653246,-8643.6917617469,-238299.336503136,-1030578.77416714
2014,-114977.941046348,-1451984.51472356,-62973.5093039181,-59309.9133503922
2015,-0.884844131811848,-0.178874357456499,-0.215087929351598,0.14012726246541
2016,0.180940303661745,-1.90868149735685,-Inf,-724982.699407129
