year, winter, spring, summer, fall
2017,0.250122996262307,0.877589529189948,0.681857640699301,0.870434459851011
