year, winter, spring, summer, fall
2013,-188.33281170326,-558.791376768923,-284.114345509291,-167.464799725641
2015,-Inf,-1304.96452718956,-240.399883018006,-3569.95735352276
