year, winter, spring, summer, fall
2015,0.279210799470839,0.69338640373376,-0.265607069981415,0.094133195167228
