year, winter, spring, summer, fall
2016,0.189777728489559,0.089126168016869,0.123441364352473,-79.7443476662938
2017,0.148535028728474,0.106433077093729,-3.62156082303188,0.143739843087531
