year, winter, spring, summer, fall
2011,-1.95262803207942,0.503369070404714,-0.568037188878304,0.392461246628364
2012,0.782212032803957,0.834148765409013,-0.0601225778221575,-1.75620313753687
2013,0.747170609572503,0.765699694084988,0.421420784981379,0.514551489088467
2014,-0.075096793947439,0.758379510701813,0.437287667403172,0.058636660354119
2015,0.213224482284093,0.815813743986507,0.307703681429021,0.12461127078275
2016,0.0744091902557975,0.807597938600662,-0.225316348264002,0.526212306947906
2017,0.881047856944551,0.865766477499601,0.536073513498497,0.805336855538281
