year, winter, spring, summer, fall
2012,0.751340886153064,0.84874476914599,-3.90144270937936,-13.305536917106
2013,0.712602270635908,0.489547008876727,-0.152296338785531,0.407487596162079
2014,0.779028237342701,0.754889243900553,-4.52537755125579,-0.370368211452848
2015,0.75938138923628,0.864703919082269,0.464795427459287,-0.0550791344507462
2016,0.319570227974219,0.420430030610057,-3.66524569806879,0.405821685757015
2017,0.698892790695575,0.815210488750306,0.302063892857694,-0.334216749290715
