year, winter, spring, summer, fall
2016,-5.7262990628837,-1024.5992435291,0.800721027551761,-2475.74370539125
2017,-1161.68207690964,-2613.48071131062,0.86232534721901,-4.01191088252245
