year, winter, spring, summer, fall
2011,0.618922252384861,0.710696398306539,0.196816246091523,-0.222033705915909
2012,0.539492297180182,-0.191136775509429,-13.6393593721014,-82.2171675014326
2013,0.730786369570256,-3.62869237571337,0.191181346167095,-23.3091016987611
2014,0.730641878428784,0.745860239061902,0.238851077008369,0.0354785906807986
2015,0.212288456901897,0.626477431297719,0.914709244950671,0.566866281036996
2016,0.571684065840819,0.639469851814122,0.161961716044535,0.624059505857581
2017,0.715230995951019,0.706569162613206,0.369379729319984,0.924010883156069
