year, winter, spring, summer, fall
2011,0.101357805023278,0.0227429161389864,-3.24469474996887,-0.00472064216984824
2012,-0.165153528848381,0.0183030129422398,-7.75115409752296,-0.290951525445579
2013,-0.0325970605515091,0.202717184010976,-0.148387956662914,-0.311095939712407
2014,0.0183590381316082,0.05648700227524,-0.719247975783494,-14.819250648718
2015,0.0358058627171589,-0.070779063606732,0.32126920606381,-0.629821722506758
2016,-0.0619791516942985,0.263791820973612,-0.744966069444317,0.379797061619677
2017,0.0886992254720705,0.0656241686880595,0.340101623674872,-0.878946762142761
