year, winter, spring, summer, fall
2011,-5.18406232819983,-4.57052590847031,0.131640866618925,-2.52337775121251
2012,0.482114666653488,0.0579103290456439,-0.205396636173175,0.327127571764342
2013,-10.3395945152475,0.647566899705073,0.808151248297233,0.125565246675837
2014,-215.340953239094,-2.67468690243489,0.55702136369092,-38.2709324634621
2015,-65.8259107665134,0.647569333002323,0.217692882791531,-0.0592930496830155
2016,0.101218495554003,0.647034186142353,0.838798599034323,0.839534332946824
2017,-0.0690528394530281,0.38281015761056,-10.4467245608581,-1.61403477208748
