year, winter, spring, summer, fall
2017,0.319374192903833,-13.4454948572503,-4.65578411568641,-15.6733725118193
