year, winter, spring, summer, fall
2012,-1167.16157887172,-1.80046407146761,-5.71068057883466,-6.24487666913947
2013,-19.8923818745477,0.177411037410179,0.434433396304885,0.35959646667517
2014,-33.576038304092,0.622328537987083,0.606991414268896,0.371903464192776
2015,-99.968024461953,-3.25057223377391,0.518728169817941,-1.62331750493471
2016,-64.80690030885,0.682560297086193,0.40003078021369,0.250130553723981
2017,-273.932279909707,0.352618830271188,0.614482664014057,-72.3252798006365
