year, winter, spring, summer, fall
2015,-1.33593098569819,0.62091972557082,-2.33728016566281,0.467483265845933
2016,-0.0292291340643294,-3.67439375223506,-1.3574690089549,-4.02962422037244
2017,-4.21769156374914,-0.115630322290299,-1.06815168276408,-3.08182321091939
