year, winter, spring, summer, fall
2008,-2.71964885987942,-0.333922649384142,-5.63845590198457,-44.8535745417247
2009,-8.26308578703494,-2.17386459717069,-22.3685490482467,-6.87516872464139
2015,-7.89344643855761,-2.697791080778,-0.44294974682486,-0.00875138645763807
2016,-6.24241068997344,-3.24382282917269,0.341492004095288,-1.55969560024184
2017,-7.31649859684476,-3.27910359996243,-0.766452851751966,-84.6533417757531
