year, winter, spring, summer, fall
2011,0.815008917033007,0.514830451829623,0.728052063777944,0.420305272591205
2012,0.395697837348424,0.375457226509157,0.623803868509701,-0.123724295393851
2013,0.49993730934474,0.213279692935932,-0.0592979069034034,0.0677393425973239
2014,0.280267375170105,0.535754112341638,0.293855858481936,0.336118797637791
2015,0.737079652736763,0.679330571706414,0.641335825520986,0.481967927741257
2016,0.670599333892849,0.785725164656031,-27.8774695288065,-1.64953574922444
2017,0.726520123349761,0.684246553395048,-3.28810535527849,0.39574630113899
