year, winter, spring, summer, fall
2011,0.149059606480583,0.336925712984152,0.687421830859911,-0.128301201128045
2012,-0.891823821065599,0.275693817539698,0.412868001152714,-4.55991592649236
2013,0.350129808838783,0.538160169863118,0.377699199052476,-6.03431294680039
2014,0.1776739176282,-0.118887346716896,-0.61012824498264,0.297804152007568
2015,-1.50796040457807,0.382754308501279,0.679802758169358,0.626572699534315
2016,0.0299880166730283,0.389376058735285,-0.483511454170718,0.0920934465422
2017,0.0735377088196772,-0.00944743869846354,0.107706378187277,-12.2321108106796
