year, winter, spring, summer, fall
2009,-0.0651895379340783,-0.119714769849603,-0.796702384142436,-2.12367320677497
2010,-0.18656890887775,-1.38160844646268,-2.86722306885675,-0.48737148081817
2011,-0.303612259667221,-0.26269949436681,-7.5636902762257,-0.158404331979529
2012,-0.127759033044794,-3.4889090587566,-3.44006307518511,-0.59023606360714
2013,-0.594714735186744,-0.469954592970235,-3.80965544042958,-2.90736938164189
2014,-0.442909712073861,0.414983254209401,-1.34315764442737,-0.474449892090803
2015,-0.208873595720806,0.0554263493489984,-3.33908617476401,-1.97176439683269
2016,-0.0131021769270872,-21.3950302035091,-6.18010319512487,-0.348725014078509
2017,-0.455112477454799,0.165461834395014,-2.41593002485413,-1.04368470108894
