year, winter, spring, summer, fall
2013,0.0272426990590102,0.192753168450608,-0.0415765217636035,-0.00999348742661987
2014,0.415442177380964,0.174161054322904,-0.0443641154677437,-0.128320134094235
2015,-0.124668585349598,0.358142875536369,0.0206546928685548,0.168182761620623
2016,0.375133408458835,0.286020063805851,-0.0601980182483217,-0.0407253569491917
2017,0.163556467578404,0.281313646896365,0.607591956410687,0.394053831960185
