year, winter, spring, summer, fall
2017,-0.98481729982941,0.1121073142619,-0.784718874663348,0.0522732262441089
