year, winter, spring, summer, fall
2009,-31.7602626375516,-16.9252190195347,-60.2817808116174,-27.7232090557531
2010,-6.84563402001862,-60.4488006251938,-125.79112357268,-37.9590091568149
2011,-15.0400193857614,-24.2402322395289,-43.1914546978488,-134.126087383785
2012,-23.3108407811326,-34.6566700413498,-19.7446961732099,-15.561389788348
2013,-45.8703697115274,-4.2107807730048,-21.96126602745,-15.7501171702874
2014,-24.7563004617797,-27.4823430633974,-18.2917512353188,-31.3906759542413
2015,-17.3744360525992,-7.39909901330807,-23.2811923661337,-42.1482931365491
2016,-48.5444926903834,-17.0181909100214,-24.9203292921389,-32.846736723782
2017,-14.3581430932025,-18.590595065495,-16.8972283356579,-18.1788244048513
