year, winter, spring, summer, fall
2013,-2.04779313830809,0.408934841789591,0.466531365768463,-619.84272021933
2014,-100.413697982346,-854.932316501866,0.395866510999409,-496.950413978864
2015,0.0130917093326147,0.719754116636383,0.484920762388896,-21.1355528148665
2016,0.486877014611915,0.745469523569056,0.268728691667306,0.103851454739916
2017,-11.860222626046,0.529021573181325,0.208203247310633,-1.34682424131593
