year, winter, spring, summer, fall
2014,-94.4955240700078,-54.9913313541882,-71.1868830477316,-222.282049034912
2015,-7.56289286743766,0.162436274029632,-15.5199629965553,-0.441698168111504
2016,-4.3329919521476,0.580853681259225,0.0111141517020902,-64.2845585738104
2017,-0.55541307704945,0.0446206355305276,-14.1844035983594,-660.922296588416
