year, winter, spring, summer, fall
2014,-593.831382145134,-0.026096108792971,-1.3390577003661,-1.16749919894026
2015,-50.4478667060826,-0.64431291112846,-0.40436554577415,-2.26171854700861
2016,-0.119922813206599,0.0266373600812655,-0.0885486586141828,-238.182155605571
2017,-226.570484375,-0.235911832555071,-1.94846345621975,-1.34581500345318
