year, winter, spring, summer, fall
2011,-2.5462185512184,-0.407906214166196,-0.592735591857024,0.434055401231102
2012,0.568733507451215,0.632923667198102,-0.0873530011663752,0.67826970629084
2013,0.760547835756652,0.229055574345764,0.671666903913088,0.199477310500423
2014,0.200644561030884,0.573824664570728,0.521591241583134,0.245223621180376
2015,-0.853644926268673,0.51300240177507,0.15995715608135,0.011534838788602
2016,0.508371146218906,0.0382081008643437,-0.927052694875292,-0.420489466749211
2017,-3.43409573029865,-0.621720799692377,-5.37171202068784,-4.78042141645982
