year, winter, spring, summer, fall
2012,-0.0210442442534784,0.229003455772068,-0.0738891052653226,0.522934798694051
2013,-0.0623735700516499,0.784165664109255,0.0539127307639946,0.311053457264268
2014,-0.918942826537612,-0.136215195202711,0.389848332977598,-0.984515157018026
2015,-0.330549811480225,0.648234026161364,0.335447674411656,0.000863229565917556
2016,0.0281991188951161,0.677399058010473,0.229345014967684,-0.211110582780422
2017,-0.625170168377806,0.0512994626927264,0.742966859060851,-0.0571420419453343
