year, winter, spring, summer, fall
2010,0.294200124788893,0.580246269614159,0.206582148494916,0.740853783722629
2011,0.700780158823648,0.229094185910991,-0.079453562566203,-0.637953080903548
2012,0.299750659509736,0.140541794810581,0.398561607279343,0.235028845127561
2013,0.259760864839996,-0.160918261067545,0.330710655714476,0.101507179777553
2014,0.546393330596642,0.619209641656314,0.0270064019030583,0.40567448405106
2015,0.333588591823533,0.598757134810676,0.0976431480052988,0.391605898678379
2016,0.312673936247136,0.300599197222869,-0.112568382022951,-0.156847381270606
2017,-0.617403944670083,0.60549605935721,0.431538479094252,0.34224063371532
