year, winter, spring, summer, fall
2015,-1469.44444444444,-1.29106860323139,0.318549006906706,-3.98322998459332
