year, winter, spring, summer, fall
2015,-318.692826704545,0.449578733223389,0.608686604625455,-0.409169924680494
2016,0.482916554533247,0.498313607267124,0.482257973071539,0.501399515974141
2017,-0.460653971686183,0.238617269160748,-47.1658187294632,-181.127178956455
