year, winter, spring, summer, fall
2017,0.317542813768378,0.585043434080515,0.00174475097684723,0.358134913510418
