year, winter, spring, summer, fall
2013,0.401324928000784,0.163106663545568,-0.0765977997887526,0.0584205254511008
2014,0.284060518089269,0.737606450652483,0.592181958463348,0.385601032552133
2015,0.304584791645339,0.2615645322389,0.501022076591985,-1.27329987594232
2016,-0.0593312575951033,0.195519357792435,-0.38337336108494,-0.245336092577463
2017,-0.370916295616929,0.532257399511622,-0.270706406283499,-2.51323511796458
