year, winter, spring, summer, fall
2009,0.240401091761156,-1.17217559189002,0.00603659632325615,-0.282339804371904
2010,-0.149008665882097,0.272665826086705,0.0837541084024064,0.0407888719022234
2011,-0.133496511241765,-0.035387582215082,-9.17380812003289,-26.132136937091
2012,-0.128676012458689,0.0244118473952319,-0.828192457587366,-580.910992339585
2013,0.103717554872999,-0.0622747421705436,0.0669095572218695,-0.0634022284975222
2014,-0.161026948110448,-0.195674117555431,-0.0781538751592763,-0.0592254506862298
2015,-0.254871851665729,-0.358870167744683,0.660260323174358,0.349130954973307
2016,-0.23280186716401,-0.341099525433023,0.293835559386346,-118.95934241186
2017,-0.0494663797311408,-0.0956074446167507,-0.0456014398184212,0.177014054246663
