year, winter, spring, summer, fall
2004,-5.56386247844438,-32.098213643234,-243.624212468817,-318.597645463783
