year, winter, spring, summer, fall
2013,-4.22826191702416,-4.53101816299071,-3.4572611758357,-6.37561804148422
2014,-13.8531736071911,-2.43553111740997,-1.61786025083082,-3.44673531900847
2015,-40.6844500113648,-3.88575943815137,-4.16574846212444,-13.6794423803263
2016,-12.5236289175115,-6.8902136214348,-0.905815818770141,-9.59049424899013
2017,-3.00784458246975,-1.52645793227066,-10.8155142088331,-2.69194804115571
