year, winter, spring, summer, fall
2016,-395.952802353421,-5.44111381896318,-17.824580107089,-12.0481149829116
2017,0.724219193161544,-166.879584185375,-7.66061388248434,-18.5509232306397
