year, winter, spring, summer, fall
2013,-0.328599448342763,-0.342625876809659,-0.263908246037968,-4.27296872986213
2014,0.278261740987969,-0.770517543137737,-0.335679075088306,0.475569553802766
2015,-1.04377775789457,0.280060645927118,-0.351064953509872,-2.27788042084719
2016,-0.822300031689071,-0.671579913338005,-0.197954336836456,0.131043594262693
2017,-0.124478879255635,-1.46859643557052,-0.475716661512539,-0.0721702382576708
