year, winter, spring, summer, fall
2014,-Inf,-0.195380555205908,-2.17682557369387,-0.251216191744614
2015,-945.510682694093,-0.304096330449266,-0.912729401570416,-2.4162251859395
