year, winter, spring, summer, fall
2013,-0.0580677755327641,-0.0352019885779404,0.416873191983083,0.24351575588723
2014,0.280509431057842,0.461192337433241,0.0100901000393384,0.398399871404255
2015,0.239745525522547,0.159760358446319,0.108516628087011,0.437802310479078
2016,-0.548112705187437,0.27041795936571,0.238584115478561,0.852326571632817
