year, winter, spring, summer, fall
2016,-0.994119562427375,-0.418150778332838,-1.51950711642289,-1.4790805337875
2017,-0.630168558800056,-0.507972192900193,-0.984605543377395,-7.05940163014081
