year, winter, spring, summer, fall
1997,-0.0969324384823296,-10.6998808539741,-1.6571046279083,-34427.5143307922
1998,-24702.9335215518,-8.24631334066212,-5.15398956384358,-193075.607509562
2000,-337099.557098765,-0.495739365738848,-39289.7936937921,-8986.62081340399
2001,-110539.810408922,-326878.449338005,-654352.250253369,-206472.012520463
