year, winter, spring, summer, fall
2015,0.443499862541614,0.0942725858012289,0.656270111107281,-0.670041367097977
2016,0.41969297069082,0.595362456756311,0.627884296381571,-1.81239285629954
2017,0.604381791937531,-0.11442057158911,0.891317706575619,0.0701341089886991
