year, winter, spring, summer, fall
2011,-16.8973923411558,-0.845294013816369,-2.43324461113163,0.0551562798364644
2012,-9.6535421264769,-7.72140571214807,-2.0976492002495,-17.4403144054528
2013,-0.874005436673157,-20.269013310702,-9.15328824710272,-5.28606440707112
2014,-13.0760799335143,-4.19315319796584,-3.12068174930674,-58.5026124056889
2015,-26.7249441815157,-29.3101394155636,-9.58858132935549,-11.2338850456964
2016,-8.99935675338679,-17.3371185174003,-7.05021134401934,-20.7911664105064
2017,-15.4292173302086,-30.8001123594664,-12.309390676553,-29.8825674068357
