year, winter, spring, summer, fall
2012,0.104024064022116,0.41909593319447,0.0125187517122635,0.0476534213283547
2013,-0.447217941165827,-0.110724115580386,0.268669365349247,0.491170789810507
2014,-1.18757720898115,0.794516150823046,-1.07725189000008,0.0960309704176293
2015,-1.04923935193807,0.623043941445573,0.724290982843321,-0.0527836260538073
2016,0.155527348875016,0.484927623848536,-0.717526979471241,-1.30031694260411
2017,0.0455174695740201,0.109526154351692,-0.904152108713089,-0.721002295834444
