year, winter, spring, summer, fall
2010,0.394592785012346,0.320663454153659,-0.70835968727995,-1.38502885910322
2011,-40.9629155012069,-26.0862835430037,-1050.8919585326,-4.18173800341175
2012,-4.50670342264273,-1.06570268040836,-6.13682688549511,-16.3488108647336
2013,-2.93637672858462,-3.46731268346344,-1.66469243639982,-0.912340358924279
2014,-15.9846127949661,-2.35846736669025,-1.75504374941177,-2.24156283942188
2015,-13.4628083223701,0.18802590202796,0.305555202568219,-1.85560860622914
2016,0.45293742988373,0.379089064771519,-1.34752297828831,0.0856054385758163
2017,-1.89864132837051,-1.3696451892569,-5.2541129440431,0.408083779305997
