year, winter, spring, summer, fall
2008,-0.138639771106413,0.360163765039853,0.510336979839639,0.153712701794187
2009,-0.407636307195757,0.0430171152053778,-0.113454953016243,-0.193329366265227
2010,-1.30152140504923,-0.147342879432121,0.00829478721648136,-2.81537630630965
2011,-0.365987407774658,-0.0698826220200481,-0.139866583385398,-1.77860781763025
2016,-0.222142248659821,0.144456225061723,-0.165469348957476,0.0422870864702983
