year, winter, spring, summer, fall
2014,-6.76945167704901,-2.18309367758516,-11.2767347580219,-0.773088908959123
2015,-3.46586446115292,-0.956759920639253,-1.28412533888586,-1.27773217010267
2016,-1.85499995171136,-1.0606534485593,-0.926957657491075,-0.517545268223587
2017,-1.87917642573869,-4.96518851929435,-4.54579780601071,-2.55702661320661
