year, winter, spring, summer, fall
2013,0.742330678618016,0.822259085684824,0.395785755033625,-9.81780925463381
2014,0.162321765267017,0.813037382613799,-2.50276885333037,-12.7547417401421
2015,0.605206154709177,0.756037541335332,0.464696077164382,-1.75371648488069
2016,0.629302615040647,0.588379377406554,-0.10442311110205,-33.1942225872365
2017,0.412041275562877,0.750425579720704,0.206574847712939,-0.403303664351547
