year, winter, spring, summer, fall
2015,-253.743035255279,0.0744100819290734,0.294395134948417,-24.7657161512531
2016,-0.102059030682157,0.780311489607558,-0.00596187710366514,0.0651575438876398
2017,-0.259032346138778,0.334211401750513,0.832215627365954,0.24761669521973
