year, winter, spring, summer, fall
2016,-2.71461349576277,0.833802653657181,0.873629333399078,-6.70261096341423
2017,-6.01751303495841,0.385604924382489,0.049010960657992,-16.0167434384387
