year, winter, spring, summer, fall
2009,-63.9372751563704,-4.83722336577289,-8.45455321502472,-1.7343554537929
2010,-14.4807919920341,0.618413857088995,-3.53300171136665,-6.85827290705339
2011,-14.7823138234674,-6.13885266185126,-1.80638541618934,-10.2197692990141
2012,-0.641392161981722,-2.9826138036585,-1.82606613510045,-2.006964199088
2013,-4.28107076594504,-1.75063307332725,0.157232285594613,-3.41066560913127
2014,0.0157865527003723,-1.80575491180087,-1.14925757795581,-6.35068176284392
2015,-1.94286982661148,-0.302088612600687,-1.86606134970834,-3.89328433759263
2016,0.50356773267013,-0.361167219762378,-0.622358099628828,-1.99922468982953
2017,-4.64878276161456,-0.60798588174997,-1.11241115021534,-0.189238896793455
