year, winter, spring, summer, fall
2013,-160.972331849445,-5.83551601702509,0.207278877237394,-13.9174984826831
2014,-123.126795516661,-16.0304167965503,-4.7441130484602,-5.92330409705378
2015,-0.194866459642195,-31.8660560958299,-10.2907909137098,0.489570353707768
2016,0.410869544935989,0.495297921409098,-6.16669063364292,0.66651120720146
2017,-11.3628290380375,-35.1324823350469,-0.970105019644678,0.805120975301
