year, winter, spring, summer, fall
2012,0.781310955125915,0.528654806016827,0.0308212214327104,0.41091671710728
2013,0.504694043909564,0.275252977699149,0.870946646669767,-0.0666737052566468
2014,0.607843451445144,0.406159417723982,0.641718282860491,-3.53284728223436
2015,0.583762439397018,0.41771711910287,0.509394179072456,-1.13016471570703
2016,0.758228683330566,0.810469737862316,0.309501246450109,0.186865104663662
2017,0.426335295755223,0.662457298817043,0.558899613181134,-5.60509697517282
