year, winter, spring, summer, fall
2009,-Inf,-Inf,-3.45649454406608,-0.0471417560980389
2010,0.408054139655675,-0.0902696071519007,-0.0266126951089098,0.300685694210757
2011,-13.7399112882067,0.871328002132938,0.637521724819378,0.44612664301408
2012,-14.404583993138,-45.2203888197039,0.246679091447604,0.502494781606303
2013,-2.20274080695714,-523.966266125676,-0.59047431415883,0.879556172822972
2014,0.0619608219349114,0.134142115075773,0.102254872060175,0.311482654989693
2015,-0.832350584401439,0.372118982569426,0.653183269348524,0.35883287797042
2016,0.593682999836927,-1.59842186483949,0.187447568161579,0.596950235639632
2017,-8.69620439387995,-205.786149691358,0.227484386255463,0.198826558025736
