year, winter, spring, summer, fall
2010,0.364363783821232,0.0504910295119333,0.200364994177204,0.850773416812582
2011,-1.35073647270432,-0.555870797490092,-1.18296508272757,0.101222934743737
2012,0.488168621304026,0.374640274249082,0.270500089218075,-0.484250657398339
2013,0.608808006144914,0.0550707927136606,0.502756262436112,-0.109773117700254
2014,0.13125046842789,-0.183818403154395,-0.0567253472807321,0.388872525095147
2015,0.0446824418317314,-1.12937301179764,0.506032156817599,0.131902619587381
2016,0.256059789091995,-0.0617278751653529,-0.244054078019281,-0.467356628407045
2017,-0.327636843053965,-0.256631760826167,-0.119360993327332,-0.0457329658450354
