year, winter, spring, summer, fall
2009,0.813074402458555,0.68642224252672,0.231277913128749,0.687487375096746
2010,0.446100221278875,0.628449136878264,0.435959387326646,0.186209027102369
2011,0.702690452882683,0.51171668706762,0.648376747136416,0.651893835474936
2012,0.0345438355858068,0.352880735303306,0.295388996257082,-56.1622359364039
2013,-0.271422682865816,0.655489376872175,0.613983522517362,-0.693885077168226
2014,0.0820330539137653,-8.34750138115102,0.544417675855888,0.443034819162894
2015,0.182702748284909,-0.298339368346332,-0.513506167554759,0.338494352750244
2016,0.49578073411623,-0.191796074345004,0.541145253249828,-0.244206458914373
2017,0.0516408859162821,0.718141115406889,-0.377922404403837,-0.430909697456511
