year, winter, spring, summer, fall
2009,-565.841565297005,-15.9483051433491,-36.5833815912626,-574.411382628266
2010,-58.8628456808708,-42.1019681531947,-137.313419764815,-173.623008469497
2011,-102.538887297735,-140.955394222607,-353.48597642342,-188.40813376747
2012,-232.56920850896,-99.9234114948114,-6.09860672712783,-25.1664658633913
2013,-30.6093777020214,-124.421101947411,-23.6250686044657,-145.4721913569
2014,-68.6778215627996,-26.2690476076817,-38.76429023704,-142.749906547527
2015,-14.6172142420509,-32.1366514274583,-87.153742743841,-101.142500032954
2016,-45.3750746173332,-22.899542057012,-18.2479612355451,-7.83846615515886
2017,-26.5300333488083,-36.4018280131939,-34.4398228553257,-186.865489665304
