year, winter, spring, summer, fall
2011,-70.910385594118,0.789261682516177,-0.470779840224391,0.786140753205393
2012,0.203746696797268,-0.742367601094479,-47.5923012564275,-51.5101575223498
2013,-548.356697772516,0.157024758956223,0.0964298858593268,-38.8502898415153
2014,-2727.73107084027,-2.63605703053361,-2.44235498907264,-11.437068204342
2015,-101.707482576629,0.832529111914894,0.1531491498801,-32.5886751007851
2016,-89.0303011845042,-34.0368559875826,-50.7898426585861,-143.755017670628
2017,-83.7081154152747,-166.313114155232,-306.898690602975,-571.434630860598
