year, winter, spring, summer, fall
2014,0.412298603638543,0.252873906902502,0.610803250709622,0.869171377406327
2015,0.153628614735733,0.151950135358234,0.697882639974196,0.652007145641664
2016,0.818038093848475,0.00530751636164462,-35.6088804677767,0.0672107184335647
2017,-0.106118692336399,0.226476972063956,-1163.10849804843,-10820.993361633
