year, winter, spring, summer, fall
2013,0.189343467273767,0.0671604752687524,-0.266234385333873,0.309441570704467
2014,0.163029815647793,-0.199864089918247,-0.426628700160032,-0.676366297845788
2015,-0.172396176962543,0.165261808654932,-0.523320843326319,-0.318060324856726
2016,-0.0448585780798447,-0.833094918373601,-5.00575422070033,-2.85044116645859
2017,0.432044927990569,0.244302338701273,-0.00963468129259981,-1.01677677925224
