year, winter, spring, summer, fall
2014,-3.60595396226164,-38.8144197086219,-Inf,-Inf
2015,-Inf,-Inf,-Inf,-Inf
2016,0.340586430756832,-0.248669549171989,-19.5669168291098,-3.86108901515152
2017,-0.057543750699987,-0.254873674282766,-15.8265290885199,-1.5247138047138
