year, winter, spring, summer, fall
2011,0.624414188588721,0.712975104078174,0.740988121895715,0.518039902426959
2012,0.542254135134371,-0.155055781480802,-0.293608839337613,-1.92222471044538
2013,0.743760790630136,0.283780487855566,0.687187032263307,-0.99948600132702
2014,-3.40236140383319,0.407222054948927,0.0829981354633543,-0.0141750909456664
2015,0.417727028891615,0.744752334054397,-0.620762739034293,0.402993984983121
2016,0.426185987494972,0.215362229174867,-1.52547151799547,0.944437101147208
2017,0.0312380939138093,0.262324597823124,-0.678891920047954,0.582031749484261
