year, winter, spring, summer, fall
2012,0.177370588313724,0.779230538830789,0.741757542581191,0.646480461719406
2013,0.612509198661547,0.333290778904251,0.698678072356473,0.615946564105536
2014,0.187472736987649,0.0748393607215055,0.80928509227913,-0.00966126290333458
2015,-0.0808508017207561,0.488134113779347,0.300067794724831,0.482241426492647
2016,0.435160969390614,0.440153688565396,0.889542313628144,-0.522014401142381
