year, winter, spring, summer, fall
2015,-0.16402131973225,0.234558032227641,0.127291217293478,0.0569013474684869
2016,0.22340723241783,-0.097079054957468,0.235520498590653,0.203223490628068
2017,-1.36459909833272,0.337675140608579,-0.0148378956864375,-0.692293777583244
