year, winter, spring, summer, fall
2010,0.12301622496664,0.0593766265249792,-0.0491974344480999,0.656207933470365
2011,0.530525404709152,0.0684382036906787,-14.4228640487866,-1.20291208801628
2012,0.140675430672307,0.767109985812882,-0.00390261953216275,0.0631811460214584
2013,0.89610369583276,0.753589650921695,0.101193544310279,0.851195845292482
2014,-0.26871812421552,0.416829322806254,-0.238594976038187,0.0602648146009761
2015,0.182032701826381,0.518867522714502,-0.142093959166787,0.351876495831086
2016,-0.00779059781490976,-0.154506761555708,0.780244564107428,0.03858693298826
2017,-0.622010112465634,-0.156973931799449,-0.115160654165546,-0.0325785158717065
