year, winter, spring, summer, fall
2013,-0.794086414481177,0.0376002837427034,0.564908170850903,-7.01575125290335
2014,-65.7444260534464,-0.0832467707404667,0.586819723194716,-5.72289520369573
2015,-6.88577031209429,0.385088152807416,-5.8422775523667,0.108456051788373
2016,0.174608068176249,-0.36371393740886,0.103496583258697,0.459161251522483
2017,0.0126312612288616,-0.291516172272614,0.297008900566256,0.834288255917975
