year, winter, spring, summer, fall
2010,0.0665005526583001,0.35508028694594,0.458221612022009,-117.808163914991
2011,-3.61082899696866,0.663879020058024,-96.785645409017,-0.43094069445538
2012,-0.509371465753237,0.452249582911393,-34.3125683397646,-196.876212459502
2013,-1.76110629952145,0.808345534553564,0.655699859487377,0.890037864809228
2014,-0.578928911454297,0.134955563824426,0.205194627288223,-0.36807065046548
2015,-1.65828002651454,0.346054361753882,0.348536254314327,-0.0606226935593872
2016,-1.39737355034199,0.666503067942005,-1.36654464293135,-31.0488415020873
2017,-2.28756863386658,0.444012252647138,-4.92916224682357,0.378945201234823
