year, winter, spring, summer, fall
2012,-0.883243224282289,0.0327289583278161,-4.78319431407953,-29.9108084924075
2013,-55.6677303265068,0.698043512528185,0.895183877569105,-3.28768013661795
2014,-244.149826505775,-1.75193057290273,0.657422499987443,-0.605543877294059
2015,-0.291851496639296,-0.23919550313231,0.277531927156189,-0.0136109719642485
2016,0.412878402919875,-0.776558983699233,0.127723736491365,0.515588429640345
2017,0.0912266312198189,-0.529029476745335,0.205780480348722,0.62529407143577
