year, winter, spring, summer, fall
2007,0.114318719080482,-0.259737853235305,-0.27839297947636,-3.55713240174667
2008,0.30109985133137,0.139479137362464,-4.50833570604837,0.163571448177645
2009,0.104034957732721,-0.353155486916512,0.0958224071369415,0.00262640399581549
2010,-0.260076106348592,0.398693888133379,-0.0779874934829425,-8.99986783286895
2016,-0.189082178669379,-0.110478287774421,-0.308738068470103,-1.83945198193086
2017,0.322407563380298,-0.19002214641033,0.480423510191448,0.402841369915541
