year, winter, spring, summer, fall
2014,-44.9450302630217,-5.31756282881209,-1.65385645774629,0.00420766508380266
2015,-6.0523455536896,-20.0492801109677,0.795396577250264,-1.73401189334135
2016,-4.18739048446473,-7.15428335717502,-3.62505734403615,0.598206454165001
2017,-1281.61635249456,-12146.7094719004,-0.324682835740294,0.609175621019026
