year, winter, spring, summer, fall
2014,-0.921331826693777,-5.14706088807778,0.033657488169884,-1.8243447856106
2015,0.444965841416551,-1.6905949004442,0.115636185561563,-0.520668837742066
2016,0.349893171483831,-0.432401169502646,-0.170701343429337,0.069578816049944
2017,-0.236612341804034,-0.264843995631806,-0.132254909897518,-0.102969800490273
