year, winter, spring, summer, fall
2010,0.564397133126337,0.670799441568247,0.175568835807897,0.135270217426942
2011,-0.222828236574665,0.443453759288981,-1.66679978694513,-0.0583867774007505
2012,0.550121725850014,0.732202980982961,0.316357883203207,-0.0803781042519136
2013,-0.764161386552531,0.133549636521383,0.0804663072917347,-0.398420160750489
2014,0.352435841111964,-0.106263449035111,-0.135262000549384,-0.0324553589063212
2015,-0.0669664140474178,0.755552433743859,0.738244721921228,0.729147293587847
2016,0.832594269717319,0.861258891266,0.410479069305662,-5.21710388801653
2017,0.497311893641606,-0.188371750217719,0.313672208844103,0.370814611520075
