year, winter, spring, summer, fall
2011,0.331465992710323,0.473393623737643,0.618248888391198,0.278256726365011
2012,0.26220739633752,0.352495436142702,-95.230369411909,-5.51084563272017
2013,0.719816842934355,0.466685866564631,0.747030920475524,0.0753529355807656
2014,0.414679673954848,0.143152205289251,-0.695761741307465,-3.28971724787514
2015,-0.295216776502634,0.200503521403648,0.487299066792748,0.510789881416555
2016,0.694962092045786,0.235661140151648,-28.9258435082609,-0.755972357963421
