year, winter, spring, summer, fall
2010,0.604218412303986,0.953739716012054,0.0210265261598912,0.229929625416072
2011,0.771974168832092,0.772334464299718,0.233682805845727,0.581791790624397
2012,0.793498700106316,0.696192022224287,-0.0532041990817393,-0.0900644872757619
2013,0.815805111519971,0.597411776171986,0.0246027775946089,0.320948074135294
2014,0.557620643174459,0.513750438527558,0.76664020827617,0.0130585150361965
2015,-0.0419849904852996,0.6224246699495,-0.029717361275392,0.0671264707182586
2016,0.518090384783733,0.617135507338299,0.713634058588958,-0.294373266173216
2017,0.776225203734578,0.100528915687958,0.873292671828026,0.40789139996403
