year, winter, spring, summer, fall
2015,0.293656055547669,-0.178631911152412,-4.97164211513687,0.844999675208938
2016,0.0901787795083684,0.249344774169708,-148.763010701797,0.121400042882175
2017,0.159286926690581,-0.929832526228484,-21.2060746633662,0.199534573605073
