year, winter, spring, summer, fall
2013,-2.72060519454473,-20.8089112641734,-8.04796139611913,-2.8699432319224
2014,-Inf,-346.143051415598,-28.7913832058462,-2.83385974453369
2015,-151.842684659091,-1388.31732495729,-98.9620816923339,-474.160105250845
2016,-1451.35892612304,-31.432384270885,-25.6777683068681,-1379.36636432397
2017,-295.091364835448,-28.3289862244318,-5.25983605883281,-0.77180046044686
