year, winter, spring, summer, fall
2012,-2.53830496725281,0.773077306946479,0.463590109343674,-17.0309554583749
2013,-8.70757437842807,0.715983442828057,0.544937602691912,-2.9159063783886
2014,-1.74609828113466,0.810119550059841,0.765770466226598,-0.510736229181175
2015,-2.92067638501862,0.624169404348265,0.672011933349576,-3.48244836314089
2016,-5.13853825871708,0.562298609501624,0.678531982799957,-1.17400473712439
2017,-2.90125061078948,0.142803086846819,0.698613935633167,-4.37492362605863
