year, winter, spring, summer, fall
2010,-0.502178968139317,0.648241261852622,0.29650242015524,0.73466753069007
2011,-10.0590124142959,-0.102518123463421,0.293853276069429,0.578970289128371
2012,-1.77320255267786,0.199054419142971,0.644163475754103,-0.536824328253254
2013,-2.12902958963034,0.161723571610725,0.808731768095238,0.470223833113778
2014,-4.9730093099453,-0.0739399155562361,0.276329599623698,0.729030535041829
2015,0.751109140237223,0.421798956967503,0.563289250116393,0.654008900485082
2016,0.825197426678818,0.650320542060534,0.706526508908403,0.365732878681587
2017,0.48095266313845,0.72690173505548,0.514684782105937,0.362423005711004
