year, winter, spring, summer, fall
2013,-1.60485238767933,-29.3526668883449,-3.13021752450265,-2.05615962733254
2014,-0.115758871830716,-0.615584620032152,-5.99388493665497,-7.78122801121443
2015,-2.54974036149055,-0.996850930635152,-10.2877380900305,-1.69710304638325
2016,-0.40656466046208,-6.72203447129755,-12.0618220376406,-73.3477792482219
2017,-2.39594853272243,-0.0245101956359512,-2.43076554575732,-0.733833754739988
