year, winter, spring, summer, fall
2013,-4.24283779444642,-109.068101285511,-14254.1153658358,-181.902280603507
2014,-218.474819752243,-0.795742545540273,-28.6300623257253,-5.12273823470509
2015,-32.6258297568574,-1.11326877049744,-2.41934425966823,-132.816350775025
2016,-21.178799976425,0.911678315765062,-22.3855358880363,-30.1046751724021
2017,-5.09724861032218,-0.838655474317016,-2.18814421226849,-9.37938201860876
