year, winter, spring, summer, fall
2016,-0.0515160881293601,0.184962823365292,-0.47360648900834,-10.6369144703901
2017,-1.72366453661977,0.299072292657235,-2.08588033450168,-0.940871399998204
