year, winter, spring, summer, fall
2009,0.0820586132177429,0.0912281380174162,3.15144249076003,0.315834870780349
2010,0.0932529734173707,0.0215537526367865,0.515592704281212,5.00905026358468
2011,0.00287559538492899,0.11691339246355,0.0543737579352083,0.1586091793151
2012,0.119206512490288,0.163137809475928,0.0807921989899978,1.17408854361716
2013,0.00387755528615094,0.110508497016399,0.582129697577158,0.0199972287442036
2014,0.234288807789759,0.0004003561369248,0.00355582335695547,0.00049677770627111
2015,0.0160825348594112,0.0573625443631442,0.359656553977957,0.127082992855294
2016,0.113513947168397,0.287076662845819,1.66944830465322,36.6770457460045
2017,0.0131083874114885,0.218038491992661,0.110999851880333,3.46178276365538
