year, winter, spring, summer, fall
2014,0.26484162859879,1.26389649881268,15.0823770438721,1.49592472203271
2015,0.109151305333246,3.10010811709498,22.6778155894228,3.17905134427642
2016,0.0428525937488578,1.12678911956002,16.6481647880368,0.0548268905770998
2017,0.515321125602477,1.98446821964865,5.82545927854023,6.45177624544063
