year, winter, spring, summer, fall
2013,11.8907399218674,5.59098897233144,0.197459877984875,0.349782912793251
2014,5.94457191898396,20.5820065856568,3.16567282618099,1.51504640659587
2015,8.46167558199582,8.50811933050776,1.35104337426649,3.86240528382479
2016,10.0141730722374,10.3921590560128,0.121002415488488,3.71017595964878
2017,2.46068120779286,9.2561076516674,1.06672249239242,2.72781471965576
