year, winter, spring, summer, fall
2014,2.71771910064092,3.85422428014838,NA,NA
2015,NA,NA,NA,NA
2016,0.00380128724865909,0.00429892332279947,3.63418942813485,0.000560058904317771
2017,0.00734412940026101,0.464715627015964,1.746108444684,0.806477976486173
