year, winter, spring, summer, fall
2015,30.2265427597056,0.891955693682409,0.732033529030967,33.0533649144778
2016,2809.24072490866,4.67000136571785,7.70128167996654,121.535766899526
2017,415.896364810781,2.42502118464754,2.24158335007829,21.604748701239
