year, winter, spring, summer, fall
2016,NA,1.58262725690241,601.385529800725,0.0709404562852004
