year, winter, spring, summer, fall
2016,0.962127605350105,1.73635049887627,0.84275380716696,0.413815326887976
2017,0.0688287399423539,0.863686899129584,0.999672647007813,0.283323441131744
