year, winter, spring, summer, fall
2011,0.539733118688478,3.30605740315239e-05,0.00969282400342766,0.0126061183748091
2012,0.892538554653949,0.0501250086481686,0.0543369782490499,4.52460182313094
2013,0.0114974756516637,0.0248968063410835,0.0135353573569802,4.80197829869996
2014,0.0105572398979706,0.304318319854128,0.647889987202956,0.0483518573350425
2015,1.62073758948373,0.0413947859318085,0.047105511306586,0.0055873259322891
2016,0.0722024974236426,7.53641911334046e-05,0.624199400406787,0.0800134671505102
2017,0.05939745051303,0.0110835329645949,0.0448166716284722,2.64416486898482
