year, winter, spring, summer, fall
2011,0.00402468554039357,0.509310594775251,0.118970862409711,0.113149984463619
2012,0.312019089500762,0.0753506491779582,0.0286025258907984,5.146720731622
2013,0.0947575594886621,0.387600407204424,0.537256730678732,0.0278726890186167
2014,0.110850555746209,0.0151471082011689,0.32005952185785,0.004947742121063
2015,0.272930710045629,0.00905662054020333,0.0304734825230529,0.364385823107212
2016,0.474689229710943,0.0242256865151369,0.0782091044914928,0.00192455610497012
