year, winter, spring, summer, fall
1996,0.467073150664401,45811.4036079655,20.5867442461207,44.3688328700303
1999,6.35019054075387,0.000191256304130659,0.00492694179687328,0.0376286327298943
2000,NA,0.36713637674721,0.0615691394685135,0.416362551799908
2001,NA,6.58220162796597,22.0127316372176,NA
2002,NA,NA,NA,NA
