year, winter, spring, summer, fall
1995,0.671871289342517,2.0187193053212,NA,0.382891246566699
1998,3.08142687169972,2.66730589332265,0.337969549415871,0.188055426421637
2001,NA,NA,0.0451646800869194,0.285640623987782
2005,6.6363128059232,3.39292411390735,1.98519934559423,NA
2008,0.6881916321504,NA,0.801845069512719,0.498550909100935
2010,1.55715912945652,1.21279964336759,0.359732564513457,0.302512511898426
2014,NA,0.423891941825318,0.92652732129445,0.0661540882289762
2016,11.6061085855697,5412767.06228371,1.90538648398786,0.160852052603934
2017,39.0450347088833,186.047484575446,1.83508828779693,11.4633532569898
