year, winter, spring, summer, fall
2013,0.0752282775476366,0.0145621032413522,0.284469764408313,9.60816743042213
2014,0.0239535409099139,0.046032163159264,2.54871953642821,12.7046054017213
2015,0.00720137100718792,0.0648104276903554,0.00171526015723521,2.34057552329065
2016,0.0972427870565207,0.153307882682084,0.569554193606437,33.0792531110959
2017,0.117739838078287,0.0118896716496594,0.091405383607566,1.07060479575332
