year, winter, spring, summer, fall
2014,0.00545250007302291,0.0933570197543503,0.240817806989487,0.0454715976903206
2015,0.00480861278024008,0.128106477764267,0.0300156202251791,0.0875929375287651
2016,0.0856604655839453,0.0709022949519919,0.0029406752136396,19.5875520526138
2017,0.038270043062708,0.347350617935519,0.0834830906011079,0.00345808075348863
