year, winter, spring, summer, fall
2003,0.0369395814727706,0.516023347170082,0.63698421087608,2.64422797729338
2004,0.221771578203986,0.0167284842304792,0.128866569007535,1.63218473924625
2013,4.4797072802333,0.0486225472311971,0.0757428958894807,1.35052863877667
2014,1.3663563498471,0.542613942460856,0.167791862450325,2.27109300165681
2015,0.381613551497056,0.409437378856525,0.0118297339649612,0.530995823361864
2016,0.167368417647365,0.261712808406806,1.23128398308443,1.07663360775657
2017,0.385073729256211,5.55763048189308,5.75326417402377,0.0807440541049058
