year, winter, spring, summer, fall
2013,0.0314545878958646,0.014215467405141,6.41983352655465e-05,0.156106282233408
2014,0.102564332144335,0.00755414874528466,0.0740340534790791,0.0841849375105248
2015,0.0821820997049461,0.0626201891383479,0.0276511384731584,3.57782316143921e-05
2016,0.00529627854083478,0.0307571472922962,0.831008624407601,0.0137461880809026
2017,0.117437896299335,0.208096050602518,0.00156670639669593,0.012589973014567
