year, winter, spring, summer, fall
2013,0.0705705858464369,0.13180027804011,1.17926881736286,0.186092321809649
2014,1.86033752026415,0.215115625143925,1.71620518314452,0.000141703420979187
2015,0.0100905631474864,0.10237105433982,0.150936296443838,0.485936801138541
2016,0.326785712318836,0.156784422956438,0.338134334842402,0.0110225838630913
2017,0.351997772093166,0.102997353973424,19.6428894785107,0.000641017017424021
