year, winter, spring, summer, fall
2009,5.70309137056584,0.000590582794865724,73.7948910541175,NA
2010,NA,0.169837980845016,0.021083722478681,349.711427232961
2011,6.13784857474192,0.334654707085889,0.42422241942122,0.111508028853939
2012,0.0298687075177304,1.51933535789229e-06,0.333445355885145,2.49830028196592
2013,0.102737543508322,0.110417121626781,0.482674507794405,4.00130360991311
