year, winter, spring, summer, fall
2001,0.0424603871043688,0.801619033774545,0.210810819030548,1.82009674839779
2011,0.0426421784255463,0.553872812094256,0.0513756614727229,0.0199922968746219
2012,0.0530495837304983,0.171486779024311,0.0172823526568405,0.187988178905904
2013,0.00062561561783796,0.294075330401726,0.0427985455737489,0.11143513616462
2014,0.0744527402876977,0.0479567961302274,0.0684708055508004,0.0888275444493693
2015,0.0225243405418361,0.051163677365009,0.0373831713492396,0.0107176525444814
2016,1.7979612485286,0.0380203784973819,0.321727474305996,0.0422849632676815
2017,0.00867947152630581,0.0834050451261057,0.186704730359126,6.03608672599939
