year, winter, spring, summer, fall
2014,0.0607206536368476,0.000991789282642599,2.18471974337504,0.297076562901299
2015,0.00206200837556759,0.0097272971792842,0.0904227611677969,0.0083850580649634
2016,0.0227073137538121,0.0600522267407243,0.0515376385598385,0.060276228620213
2017,0.0606822667252005,0.00846283860467999,0.0144045507349543,0.0346583277102133
