year, winter, spring, summer, fall
2008,0.0235922549921186,0.0482207246221063,2.27352256480112,0.00843840177864752
2009,0.00745820421832825,0.197002289985975,0.000220755616454387,0.162925301150719
2010,0.09362223639616,0.220630719060055,0.127004508743438,0.160472293056001
2011,0.177096947763666,0.0466009646617137,1.57735469636048,0.278884541498755
2012,0.0867316101252147,0.146326056317654,0.550710944069198,0.0707095142560713
2013,0.172081210331953,0.101334465664646,0.140028050692447,0.0171421967965863
2014,0.0636640969956518,0.020504255828735,0.0432231850489739,0.106489440459514
2015,0.130894944727251,0.0899605249843119,0.0805161832856465,0.717160819334613
