year, winter, spring, summer, fall
2010,0.0133640344865959,0.00136899476766797,0.0143663073912736,0.00603926882609355
2011,0.0312751328187473,1.71000618953761e-05,0.0581792923280269,0.0133409944897917
2012,0.0440741085699801,0.0234813013684177,0.0291136222715987,0.00532021610538458
2013,0.0252133824104295,0.00670439022593315,0.0152620162792929,0.00015971599619077
2014,0.00769856323683219,0.00185940170694275,0.0353896677801409,0.0200306768106468
2015,0.00393470716540501,0.00717849578748894,0.00941820204474691,0.00127944572650383
2016,0.0305278655156585,0.0132855529958956,0.0134678050979108,0.0164132732295778
2017,0.00271697445232595,0.0177031336212096,0.000513530706017482,0.0048289631640305
