year, winter, spring, summer, fall
2009,0.00671925272677219,0.051666759747031,0.462909691953499,0.0559574314145998
2010,0.00217533822967797,0.0202012629053825,0.118569765210551,0.356571282290662
2011,0.227346036444357,0.0755767148654519,0.128939269292927,0.0251833066172381
2012,0.0783427034439591,6.16541262110763e-05,0.339400219491897,0.0864929040048983
2013,0.128657208815477,0.0918439902610413,0.000110346858130891,0.0158644115521337
2014,0.164334634577922,0.129819769413171,0.145561505268748,0.0507240596873986
2015,0.00895972599519553,0.0348230219739248,0.105641270646989,0.146973933004121
2016,0.044041666217752,0.0154775887450909,0.192191813854487,0.127757222149874
2017,0.0247756953537308,0.0760093391959254,0.0666279759966373,0.00935345549186692
