year, winter, spring, summer, fall
2011,0.385516624403031,0.182466688406772,0.174030983636324,0.130026627236499
2012,0.312865582052445,0.320396762529064,0.0331148202620547,0.0422155990502374
2013,0.0891219565919164,0.327254547750908,0.313364089413675,0.155268075172425
2014,0.0380596347548027,0.106124737065142,0.0201617351299679,0.189568474779598
2015,0.141663368679128,0.041174202295988,0.0716949579256959,0.196877180885474
2016,0.124615323923426,0.173206364414169,0.250808345334472,0.0803176395620904
2017,0.0845927581441339,0.239303692544468,0.397423967587979,0.0205560139072531
