year, winter, spring, summer, fall
2015,0.366339999137451,1.24773818293451,0.68137793889267,0.581673714015132
2016,1.02370150131665,0.117887509788501,0.686093190753225,0.87565598651826
2017,0.00365660864686351,0.823160898966482,0.52129404538679,1.09698527532328
