year, winter, spring, summer, fall
2009,0.0119412622423168,0.0209924435502348,0.0100324894079046,0.139486609686387
2010,0.0830167734551035,0.00303764859336663,0.647396845738159,0.00129778607532573
2011,0.499438378435149,0.7552166591302,0.123811045370711,0.670034309347275
2012,0.0572736841909176,0.0602343873114865,3.5278630480087,0.0152548547587653
2013,0.484831841421688,0.418350939118174,0.0508849534806363,0.202559378684333
2014,0.0911739380772988,0.159057548083803,0.000755080990814751,0.00199611536937775
2015,0.00310506781502571,0.0117694885906529,0.058035084854665,0.00257594563396368
2016,7.18179531131957e-05,0.0940020641555215,0.484246448703185,0.00964172077255471
2017,0.131502752998952,0.0612196742427165,0.000589144907276603,1.48488183451668
