year, winter, spring, summer, fall
2012,3.62955030275633,12.6557448764943,0.652236163578396,0.676420845145197
2013,0.0659554527911723,23.6686324980125,0.320866408207468,0.170316460004506
2014,0.320744791859437,13.9963602124268,1.4052291437055,0.380960526878448
2015,4.73703215210187e-05,0.309999598733153,0.793690195993109,64.0668851470611
