year, winter, spring, summer, fall
2017,0.452697300904675,0.163807482895229,4.46073807138686,45.9925440813821
