year, winter, spring, summer, fall
2010,12646.0239669137,219.80079782949,190.339926924774,19.1886968210095
2011,2039.12790055589,10076.7793068989,15432.8213935301,242.798573593686
2012,6882.87925680101,1679.06993687276,17251.14719499,5559.05255111992
2013,23895.6153609617,13.2502321040882,17339.6030481724,41.2190858946587
2014,748.884974300576,2988.89860815662,614.669561128229,3383.4265605384
2015,2293.60453825506,1593.91925968699,1972.55925762312,14.0579330370617
2016,200847.922910367,95.4078067942565,1553.6048778827,24.1201080142144
2017,858.721266029125,160701.78728197,49738.5676306784,173375.190333169
