year, winter, spring, summer, fall
2013,21.7949230947732,16.2147738296204,54.0356833261992,3.59701193110273
2014,0.190425545228899,30.6263804387377,2.39464558215448,0.528609927892768
2015,0.0462185943278949,43.120012846933,0.143646342935184,43.7373773678313
2016,57.6007050885678,42.9231257165856,0.518359943000081,32.3795490739049
2017,5.77584717000347,7.03025300396023,18.9238637861445,4.72821803516333
