year, winter, spring, summer, fall
2010,0.0469649882969001,0.00722913193591842,0.0203276385878846,0.000233509770681359
2011,1.67217403577262,0.00785211701863735,1.72405917606852,0.0067421349086759
2012,0.00180452681602682,0.00461459985461731,0.261847106691245,0.218282292191975
2013,0.0504571203928084,0.186432417810562,0.125598359206019,0.12893881934105
2014,0.161464039030533,0.033324395803063,0.0108815529451632,0.297006864679919
2015,0.0712991097421144,0.0138270668523608,0.0109157929980633,0.000295597233376826
2016,0.155596853339936,0.028365131940036,18.4294005862971,0.0425783104698271
2017,0.0189713386751917,0.0253753424589425,0.0197529787784367,0.232002744804807
