year, winter, spring, summer, fall
2011,0.0733778008153171,0.279931140452374,1.05329503965081,0.392775247052527
2012,0.234541833534672,0.0607455038989567,0.658509708752624,0.12519062725932
2013,0.179974967757612,0.108853204010694,0.26632044630809,0.883589479205679
2014,0.0461806851470632,0.00903068500078951,0.310998762314716,0.10269849581251
2015,0.174195530353672,0.0623849040633186,0.302412252757837,0.139422149134833
2016,0.0921764239735881,0.985038725828657,0.146822302516534,0.27624595563305
2017,0.32189223068404,0.0723550482339713,0.0962945578529369,0.115391158090681
