year, winter, spring, summer, fall
2016,0.880853123925864,0.300982039106751,0.695361948715324,0.684253232284718
2017,0.509062419724146,0.40866201051828,0.512526547679121,0.559152077366214
