year, winter, spring, summer, fall
2010,0.113105584505042,0.375721564418476,0.00895167779952079,11.2043717893359
2011,1.80356087200093,0.011189999055627,1.39426316467647,3.97740019416741
2012,0.0254878471131772,0.071036528504244,0.00535233993328715,4.90556562055945
2013,0.175566218061408,0.00914032759065676,0.384687451828543,3.17071573005882
2014,0.940548040593402,0.061610060707981,0.00157134241790432,25.660256077412
2015,2.37554514245064,0.0707584392651088,0.000712183367179418,2.22703641736815
2016,0.204058077713646,0.0176703191577079,0.000357307348245525,4.38635383786879
2017,0.953267875441715,0.116313645439475,1.9624849703057,0.958149908912208
