year, winter, spring, summer, fall
2001,0.578202874820935,0.309207345916543,2.11920075688279,0.107435383399323
2002,0.00444569734131683,0.00304095235255531,0.000382562899381399,0.0109013780915998
2003,11.2698550597412,1.14125406787307,70.8113764581252,1.61400762789373
2004,24.0312361359083,0.661812701914965,0.0722923407199702,9.91960705272024
2005,34.386372791375,0.0346923056768787,0.425601313207121,1.18787929807375
2006,0.000412057694630731,3.05121530368116,3474.75974534818,NA
2017,13.4922785055872,0.0460450661243105,0.146019535956932,9.71303201691656
