year, winter, spring, summer, fall
2009,2.83776853614816,0.187349517050166,1.72557573295655,0.00344359646242659
2010,0.0471158668970575,0.00651571798036493,18.1496611762435,0.00216030257188213
2011,0.126325880760923,0.0055575338428788,2.84045626891993,0.29107053550109
2012,0.332632260213237,0.0169647001998845,155.293196179133,0.420465757106747
2013,0.152398870225313,0.0116473832294423,0.182032258000007,0.958497855810389
2014,0.0289746320858381,0.000730223129728705,0.0115146262444279,0.206935863525078
2015,0.0813152675844179,0.12592022766546,0.093829738219704,0.132240435844256
2016,0.104184731345681,0.0711186450421567,0.101814519410285,0.0276489438417942
2017,0.355537190300723,0.249003709374778,0.0989524260369178,296.491894852888
