year, winter, spring, summer, fall
2010,0.100845226579934,0.0246490142846123,0.0620974386325962,0.19228730647929
2011,0.0336729983927177,0.116884328850247,0.116788662311708,0.0306836782837925
2012,0.0700388838547649,0.487042722491096,0.222735010317618,0.261039858707465
2013,0.138998508423552,0.133515183416703,0.208831007005821,0.00616468136472728
2014,0.129369062666571,0.0401371505031756,0.289125455393872,0.228862068305504
2015,0.0100591556111265,8.71302801215411e-05,0.199304825488263,0.0423112239930737
2016,0.0184624166438157,0.0635029284092355,0.0119002629621342,0.00159231282735558
2017,0.0482735481875183,0.284216465420402,0.123932332082817,0.0625046210746269
