year, winter, spring, summer, fall
2015,0.052181879735723,0.0042982262414853,0.0263811463248246,0.0270725822225229
2016,0.0181275250920753,0.401118543850659,0.000894849309536162,0.0754354473588543
2017,0.0373013765007356,0.111398908990973,0.080042550036185,0.0877824130652768
