year, winter, spring, summer, fall
2014,0.0732355440322239,0.154523633633082,0.00126506594806322,0.023384057026143
2015,1.49295370655893e-05,0.00320328819648025,0.020045293731094,1.18666785236674
2016,3.78249695077013e-05,0.0187429943628917,0.0002010522869621,0.695755036519153
2017,0.0407686429252377,0.0397281316538018,0.0332315502179966,0.169818104210883
