year, winter, spring, summer, fall
2016,0.0106101741681536,0.0390924911885468,0.00278001678722961,0.118698785429195
2017,0.0123081036924573,0.0219959406026834,0.223692032475612,0.0296724947278274
