year, winter, spring, summer, fall
2013,1.87262968451843,47.8615829244319,NA,NA
2014,NA,79.4847993038699,634.529558932996,15.5503167057053
2015,1.71535942339767,7.75537409441425,37489.7960399629,68.6273883182815
2016,96.5284830367706,79.1381309906982,0.564036841562319,15468.7303737757
2017,0.0893264477922329,12.6394834367794,10.3017810305758,607.587667035681
