year, winter, spring, summer, fall
2015,0.110530388069612,5.12840620745811,0.359923433256289,0.115561649635323
