year, winter, spring, summer, fall
2015,NA,0.182320017948858,0.162817402717805,NA
2016,NA,0.324096380372117,0.152634798677316,1.63906959425815
2017,0.374978821950173,0.00721079504104404,1.07023756268362,NA
