year, winter, spring, summer, fall
2015,2.17893282018025,4.48890267104392,9.64339405742421,12.3262800606368
2016,6.40167778071762,41.2904859253935,6.09751959118097,5.05681346330782
2017,40.4229142439181,3.70343311570903,5.5550926701923,1.52265170894333
