year, winter, spring, summer, fall
2015,0.120581444733111,0.0405346384916219,0.00323158124670029,0.399898759883031
2016,0.762607798957371,0.213150032114466,0.0820734425399882,0.179048202317192
2017,0.00151843336904428,0.0224491594113626,0.0261205795829671,0.0368049921576182
