year, winter, spring, summer, fall
2016,0.117078616093135,0.0743763542067569,0.42564634273439,8.53766345457466
2017,0.535284197026817,0.00621058372522574,2.29630098428603,1.20193873791327
