year, winter, spring, summer, fall
2016,0.0281657671702925,0.000247960375934522,0.394151532761632,0.112351924420286
2017,0.0379359034237412,0.0285356952197279,0.0849544591626128,15.7640996576846
