year, winter, spring, summer, fall
2010,0.0386503424019591,0.0190252197742322,0.0582383608581698,0.31683559738324
2011,0.698923779778005,0.000754085842638647,0.0380699289018705,0.0232227014469472
2012,0.640226582682432,0.268509882142572,2.85308547147126,1.10216548047255
2013,0.900812410136808,8.3456609367701e-05,0.196314437721407,183.227959858899
2014,0.927775541509249,5.87813571928358,0.0249751607821003,0.164741042906128
2015,0.420803315894955,1.0118504213523,0.337593626369483,0.039046715193163
2016,0.988072089038991,0.171250954543543,0.0285262917790345,0.776371778676185
2017,0.679352575391388,0.297824825830208,0.00517860491690574,NA
