year, winter, spring, summer, fall
2016,1.64485024674906,0.00309717041282545,0.0235111485401409,0.0263402313623973
2017,0.102455344809091,0.00850852176654804,0.0807786700164801,0.0170026691910946
