year, winter, spring, summer, fall
2016,0.0224107558781913,0.0714508035700019,0.377456836654815,0.0601198184950018
2017,0.0430266326193308,0.0447652455433757,0.0167894080907489,0.247541011332858
