year, winter, spring, summer, fall
2010,8.62349264547294e-05,0.000309318818805335,0.389488384471388,0.482990869153932
2011,0.0426122550582094,0.332145236253067,0.999467784425133,0.290253837294158
2012,0.376958983258013,0.321953074951995,8.42595582347599,0.966009819714503
2013,0.321839201442327,0.0054693724638899,0.31998499615971,2.30749827838338
2014,0.189953205972757,0.0189837636773748,0.522574733315408,0.00337226688408923
2015,0.0564328295177774,0.199682113775896,0.381663659592779,0.130188599882998
2016,0.0993919859825997,1.6890568871636,2.41918780617341,0.279150228916127
2017,0.901357486376252,0.0714962178198608,0.236559134301718,1.00141071949819
