year, winter, spring, summer, fall
2010,0.179225185426043,0.0565407613025884,0.0266396520560913,0.817139149631057
2011,0.0358897748418391,0.00429504419733804,0.000624034208523564,0.151889474935288
2012,0.00622845905512434,0.00362936726092439,0.00155657382525992,0.225801248797937
2013,0.497740033629362,0.0189124452069864,0.00483354645456841,0.423883245925608
2014,0.194067393378802,0.00613593984731642,0.0429134335181465,0.0988803356949453
2015,0.251388012018558,0.348107640791045,0.207196613738443,0.194036822027706
2016,0.0534763905173602,0.0108244520290454,0.00186938121721386,0.326521507107376
2017,0.0436065283343054,0.032487332255998,0.533597834484644,0.00218197784247445
