year, winter, spring, summer, fall
2013,0.388152057374709,0.215922630814631,0.00141509100566525,1.1704047623746
2014,0.000131420049165932,0.0363023261085488,0.0641353445501343,4.28432546862628
2015,0.13106356364874,0.161828432507063,0.0304008971876012,0.00811513980800017
2016,0.0321371506868109,0.0367834489980494,0.0198720437969048,0.114865440737326
2017,0.0161075015002203,0.0137546071545747,0.112765551450718,8.40980372282785
