year, winter, spring, summer, fall
2011,0.0084029761052626,0.0106557303438814,0.00544053839794553,0.0982423792792193
2012,0.0454245459077612,0.165997605063824,0.0800529110667915,1.13638721636665
2013,0.00222399404216938,0.0196689598895958,0.530297209267889,0.185102122974154
2014,0.335078299538056,1.60735013607835,0.0200166395290771,0.467427091257113
2015,0.850436461208996,0.121470656727296,0.00810363404846232,0.0366501624963922
2016,0.014031985756544,0.00216190162038348,0.00232228072701763,1.12731630926549
2017,0.00838389887845432,0.0247909099222523,0.376019091447439,0.0798574628395129
