year, winter, spring, summer, fall
2012,0.0267137413683815,0.0479752112048711,0.113246734289912,0.000535175621326782
2013,0.0827591833501575,0.0999005039220762,0.213359030037504,0.636953548994701
2014,0.000619627202721499,0.0340904920845819,0.0041731967063889,0.00083572490044981
2015,0.00143086696558547,0.00182489106812549,0.0114944439308699,0.0636703441715484
2016,0.0309206175213436,0.000224591446515348,0.0207233477204146,0.153917656273684
2017,0.00148154547349447,0.00799673158468244,0.00244822126097408,0.109374293942767
