year, winter, spring, summer, fall
2011,1.81430499166462,0.0885382351309685,0.0122385614647768,0.0477649052040469
2012,0.0254054218499725,0.117758003128638,0.682413910907891,0.00161598427247903
2013,0.0504214339307621,0.0627074219622858,0.552169625282495,0.0489522911227585
2014,1.48196683767965,0.285206229846739,0.0567224033388639,0.108721157160637
2015,0.27648923477935,0.044987871820638,0.0129248111163132,0.477215600786494
2016,0.315597182668374,0.490321145092011,0.820432483965569,0.546147230167732
2017,1.51326932037575,0.279179139926668,0.00347011333123079,0.0584905441022943
