year, winter, spring, summer, fall
2009,NA,5.55603742875246,0.00432448346442574,0.431151021376744
2010,0.0136733756328447,3.27898575965253,0.488833286430733,0.0498924622334692
2011,26.9940893748268,7.07499648709132,0.0494132205168316,0.084645451103838
