year, winter, spring, summer, fall
2010,0.208671066895994,0.28536266290021,14.5927565098006,1.09293583815031
2011,0.382948994420933,0.0818624622145068,0.346608606285655,47.5442426112927
2012,0.401069308680505,0.0589338252278473,8.47357655406521,11.4090873125783
2013,0.349444199089681,0.342646330755662,0.523486510219676,0.267268912214409
2014,0.436131693746878,0.128011310899215,47.5946775257346,2.34874292711508
2015,0.119768730369047,0.0318152215163805,0.00087992566427044,0.000125276153598719
2016,5.85661813562126e-05,0.00730731504453378,0.304938064563021,0.010367724217865
2017,0.292720625124527,0.0698003333750725,0.0894976679821738,5.98818542092088
