year, winter, spring, summer, fall
2011,0.320227827639013,0.274178832727072,2.89734820408131,0.286352893783596
2012,0.398658976375323,0.590844898073181,0.65148023886531,0.0573321025642895
2013,0.123159378621871,0.0279935228145424,4.58515175914192,0.0388009587019562
2014,0.0702161821525944,0.256685766623567,0.497151786694332,1.8461984417404
2015,0.0837379237426819,0.0604622843754518,0.420111094754765,0.162049053803253
2016,0.0616511793212788,0.197052353661593,0.0327371382711874,0.0848380341303927
