year, winter, spring, summer, fall
2011,0.0685534114286145,0.0714271695259773,0.152122820011311,0.320893187881396
2012,0.00996660803206336,0.335840843544896,2.92849589927337,0.0105251626278373
2013,0.0599230169267555,0.613737207111146,0.668214167550357,0.0242911309836293
2014,4.65764253153073,0.00287410585653747,0.0386180006901326,0.0148306711353387
2015,0.287665418303734,0.340924931713524,0.683557205108954,0.640946934644585
2016,1.59149670493121,0.272876625438948,0.530516963262981,0.339345443212803
2017,0.143762990085287,0.123101179671963,0.11943400446312,0.257880050990363
