year, winter, spring, summer, fall
2016,18.4046801231804,6.80108992800161,3.3458509388733,0.683936965549572
2017,162.070836265854,4.17580653336424,0.0618864146511317,4966.22651332307
