year, winter, spring, summer, fall
2016,0.0378713316925339,0.12915545225645,0.0233549370845902,0.106137876174453
2017,0.0270183849374343,0.344942240490293,0.00011545945418566,0.142295891946078
