year, winter, spring, summer, fall
2012,0.000105479922729739,0.0252525921504661,0.260934902303663,0.00237823563798279
2013,0.0092117570019491,0.00767957545143439,0.252997424298416,0.0571201015795153
2014,0.0247065592435702,0.0110529578871147,1.37776593178157,0.0170733306946441
2015,0.0114546997662108,0.039540205683752,0.437067869217447,0.0125159342151894
2016,0.0392981514935499,0.244595346293317,0.00135406159485962,0.359486978579764
2017,0.0147215143834616,0.0603753297786352,0.0157494211912404,0.127719448896841
