year, winter, spring, summer, fall
2009,0.0146621815517169,0.108824264263482,15.5098378085255,0.0416483946978029
2010,0.0329573818859346,0.000634632853856818,0.171150384099412,0.0313448513499093
2011,0.0287787872951183,0.000462511423873283,0.00931525514418963,0.00466980305126532
2012,0.00057549042933052,0.0123236542408007,0.03463092051657,0.0396145801603342
2013,0.0309154363912011,0.0569826407317023,0.0950505426897877,0.760698467338389
2014,0.111259624538912,0.0205857779907419,0.000971813178233784,0.183222040089055
2015,0.00640144156446883,0.0685040245880946,0.0515315105088793,0.00844763500076968
2016,0.706558546913386,0.020912030251626,1.86966150425189,0.334857988415018
2017,0.0519053771317199,0.0163178122436318,0.0191115596771163,0.00442303994351908
