year, winter, spring, summer, fall
2003,NA,NA,NA,NA
2004,NA,NA,NA,0.000314359513232235
2005,33.4499431707297,134.647870038165,11.6813472299637,358.341350377005
2006,NA,NA,NA,NA
2007,NA,884.857889819161,NA,NA
2008,NA,NA,0.227627952043548,13142.7975966429
2009,NA,NA,NA,NA
2010,NA,NA,155.184402746905,NA
2011,NA,NA,NA,NA
2012,NA,NA,NA,NA
2013,NA,NA,NA,NA
2014,NA,NA,0.00614146437905536,39.9389632701822
2015,NA,0.633967948527169,2960.38962199901,0.631982222896717
2016,NA,NA,NA,NA
2017,NA,NA,NA,NA
