year, winter, spring, summer, fall
2011,0.0142962576555919,0.00863213197395636,0.14657527481078,0.000279921800639525
2012,0.0233096554994793,0.0504833283796663,4.86222542136229,0.0985478704764744
2013,0.191025328414571,0.110765193478791,0.940709393092531,0.038558053360717
2014,0.0814113335734102,0.00590869260865938,0.0165293615838485,0.152522374958578
2015,0.00135762279468345,0.000650604644574884,0.00902439305874982,0.0123070848653334
2016,0.402899555343394,0.0333950912743666,1.00477324474923,2.49023207956714e-05
2017,0.00532249875411255,0.0044165545098488,0.00278890159218724,0.0541086958041235
