year, winter, spring, summer, fall
2016,9.62429382741123,1.77692292684627,0.0686177773875737,5.25599534024118
2017,23.7945617946015,5.87773341848436,9.79506493805865,146.065321456379
