year, winter, spring, summer, fall
2015,0.00271322965793173,0.0628693141984213,0.119599695809802,3.85075670538108
2016,0.199264527168241,0.0193616214312647,0.627908549758701,0.00166674884193014
2017,0.123620447368923,0.57809440953382,1.47173690274862,3.2461734670596
