year, winter, spring, summer, fall
2015,0.589769028495345,0.0142536562986285,2.12682214175165,9.57027254990595
2016,0.861007560963269,0.981421997083437,18.6033249223868,0.947116545510346
2017,3.00576846154555,0.184826297089434,1.4462077769531,2.26289190003285
