year, winter, spring, summer, fall
2015,0.0555005044252845,0.0628462101372582,1.77062093314532,5.41054299579561
2016,0.00571860382026136,0.00322611518726884,8.13347228063453,9.86433186046387
2017,0.0590049702021069,0.0132473049472584,0.0324746033510657,2.7922354859304
