year, winter, spring, summer, fall
2011,4.36569880278079,0.829076863991632,7.65662071305104,0.229984089025616
2012,0.0614922709634302,0.193600249106534,10.1321491526369,2.83955508888348
2013,0.250513162789375,0.36932954062486,0.0406703827323921,0.00183853707720133
2014,0.0985780380045439,0.460622599582346,0.0257429187102722,0.138540176645064
2015,0.131914524007923,0.231453449042725,0.162730472619952,0.269977345533978
2016,0.470440512160614,0.286318502992766,0.288633133995491,0.406335529851094
2017,0.0628690160765607,0.171353932891156,0.0361729616310122,61.4570336411349
