year, winter, spring, summer, fall
2003,NA,0.508768557038726,0.937545124650778,NA
2004,NA,0.00735660786940051,2.6393734036928e-05,0.123864692817842
2005,1.16880619167091,0.0478667268322192,0.000129052482141579,0.153659731702069
2012,NA,1.09410412135427,40.5191113625885,NA
2013,NA,0.0880680629837744,2.62349599865832,NA
2014,NA,0.0107844311152139,0.106435860419713,NA
2015,NA,0.0603806935564334,0.000790889665596769,NA
