year, winter, spring, summer, fall
2015,0.488986838414891,0.0632682461586976,0.0154913306464651,3.02316384547408e-05
2016,0.00680676389170958,0.0837507761192145,0.47201008385376,0.0100877325771555
2017,0.115662102784073,0.0868757609112225,2.43153967635125e-06,0.294834219460174
