year, winter, spring, summer, fall
2009,0.00126364960008886,0.0208502281423355,0.523903764204711,0.421849343330528
2010,0.317821403734184,0.00622921196393225,0.640492059686779,1.45184349852076
2011,0.247663937780087,0.363523792070448,0.657591482874335,0.0755658985089826
2012,0.13856211954606,0.00537039057255482,0.0420630760493761,0.329697789999597
2013,0.424387857468376,0.486146466084086,0.722506652868434,0.3791602607562
2014,0.179807569129721,0.0208647492774089,0.482433709540342,0.180797234549502
2015,0.408610867384115,0.08845336522723,1.27375792536298,0.0930662794670569
2016,0.00367318697432382,0.476425658616257,0.105760578874768,5.16290311280226e-05
2017,0.0244565593896263,0.00417638362507982,0.0197781127418646,0.000315640829203067
