year, winter, spring, summer, fall
2016,0.0145335793136644,0.0170249243688897,0.0354721573080451,0.464845846708287
2017,0.156953057271492,0.218141250197614,0.066586156905209,0.202982475251331
