year, winter, spring, summer, fall
2015,0.23071712444999,0.0717743464934655,0.255809706011126,0.666501993064604
2016,0.0485131176058662,0.961980203665683,0.595122899429885,0.214133877040877
2017,0.327622453535868,0.08913615661531,1.36525364018099,0.573024903860464
