year, winter, spring, summer, fall
2012,0.121356845687791,0.0443009907254467,0.0328583822913584,0.0454506936137502
2013,0.000229596659251705,0.177406876389262,0.0122542560131539,0.000342660197686403
2014,0.00939016877698675,0.172006917523635,0.0110369020191468,1.69059591805668
2015,0.00212395913581252,0.13103210711331,0.11476685938325,0.707901104338473
2016,0.119430124263571,0.0162244845519084,0.0836809724440782,0.181430810237087
2017,0.0608367715736343,0.084294437504834,0.0241024645277994,3.47985373009461
