year, winter, spring, summer, fall
2011,1.14889050778369,8.99720452283906,11.6529974140218,0.290825213478281
2012,NA,NA,3.69777959298483,NA
2013,0.208739581025108,NA,2.0547305651985,NA
2014,29.5494690084889,0.021111392063698,0.0351062159813467,NA
2015,2.52889991084905,0.520476724496496,3.74259400155228,1.0881472561031
2016,17.1802710284114,0.44359928144934,0.198807473696748,NA
2017,24.5031533769172,17.8486171636865,4.2536483560559,0.00748560877393847
