year, winter, spring, summer, fall
2017,0.0336644735617658,0.174862883979818,0.0138362653890393,0.0765780446891577
