year, winter, spring, summer, fall
2015,0.0329189012626172,0.249717287303799,0.000948682909736342,0.246383043969156
2016,0.165569826644553,0.0805824203668813,0.405246022611092,0.104130203242786
2017,0.137212534763188,0.142243465825422,0.0114519821017682,0.149859111989642
