year, winter, spring, summer, fall
2017,0.00250137971258666,0.0542652652210115,0.207040084896222,0.00432968370787106
