year, winter, spring, summer, fall
2012,4.75272554001724,4.44889822575104,0.324060119203016,2.9782092175447
2013,12.3590157408857,0.377939758882095,7.47575563565886,0.877293681551843
2014,0.0591603079252592,1.07751019342463,20.2360022506688,6.6929223016033
2015,0.8909526610347,15.0931951651548,0.175291968442789,0.313524986726772
2016,1.11634646495142,9.44368539339748,0.0406580160591131,2.15202380178123
2017,12.8606096679612,18.4841852613069,8.81885973061468,7.67613743075619
