year, winter, spring, summer, fall
2012,0.00222368252169204,0.181535233912787,0.115286472591143,0.489205174380153
2013,0.0194038993801601,0.0169151422885583,0.251685965483421,0.0117490389117683
2014,0.0432582906497999,0.191140216267798,0.208168267354198,0.142275019175113
2015,5.54807157431212e-05,0.00311337676471448,0.0509276301524931,1.82621020241549
2016,0.0329263833343765,0.000206309850518557,0.924032157111556,0.993430139321007
