year, winter, spring, summer, fall
2010,0.00677267971120541,0.219926749611348,0.010695454991091,0.0027310044691685
2011,0.00335108423652351,0.0192092042808506,0.103020314803341,0.0737614331527527
2012,0.217766249918742,0.227509227079602,0.0845494002998723,0.152386198775855
2013,0.0948834423411902,0.16361698846997,0.168387025619183,2.75838342443109
2014,0.203603073650819,0.00108822002739102,0.00351533806859375,0.0152313054059255
2015,0.0387390200773763,0.0362845763187097,0.135858439906899,5.63274238539252e-05
2016,0.27178093962438,0.0332218223023315,0.00758663792676401,0.0192920958331635
2017,0.211492563794108,0.131022543728049,0.128372456845885,0.0345755046088814
