year, winter, spring, summer, fall
2014,0.0778257958774819,0.0334555954966132,0.0461743057199293,0.0596731095913335
2015,0.0172231129818039,0.138635106275268,0.715598033118822,0.0188718367701114
2016,0.0172594810570917,0.0978741283601013,0.147523577499179,0.445985159506597
2017,0.0164870518596788,0.0222572788720656,0.00953675699116061,0.0387173227633768
