year, winter, spring, summer, fall
2017,0.133334436297793,0.282650277465999,2.62982988466304,0.139532568284013
