year, winter, spring, summer, fall
2015,7.41694905785528e-05,0.324495058566984,0.0021377718239547,0.123074844700808
2016,0.355389601797037,0.159349068264454,0.195853392840396,3.17591234614108
2017,0.0292612688972516,0.00495382613530117,0.0040369741809543,4.09223848455853e-05
