year, winter, spring, summer, fall
2013,1.53869390496206,28.5621056027042,2.79319575941925,0.452662090690195
2014,0.336421465876865,1.09030537903479,0.256806239248215,0.130767675754554
2015,1.39704329716593,0.973481219293532,0.802745682650544,1.65662663770853
2016,0.581615809959262,6.14259839459456,6.48817780807754,23.015659737451
2017,1.67258318064458,0.0969376575184468,2.13925374069227,0.763815331979441
