year, winter, spring, summer, fall
2015,0.150521024590955,1.63181891697362e-05,0.000665672529791522,0.303333808990694
2016,0.00035872352764499,0.00403860205596622,0.000401199364399237,0.0102751256635655
2017,0.000253149230776879,0.033581525391231,0.14230864008245,0.00209112823900319
