year, winter, spring, summer, fall
2016,23.8335779582214,4.21046332489408,NA,11.9634478522417
2017,13.9809317786839,17.345191092179,NA,52.3273448038025
