year, winter, spring, summer, fall
2014,0.00278675619585603,0.11197296606982,0.0140360932382527,0.0955946312087983
2015,0.331135875184245,0.135441047659503,0.0272500212777199,1.36434398005361
2016,0.11103645775269,0.0127179769067928,0.107677091427111,0.0484664107677781
2017,0.148942117383313,0.30790339444782,0.163116450438387,0.081371102612605
