year, winter, spring, summer, fall
2005,13.7271653412678,27.0222259543953,0.399247991612537,16.6841224892399
2006,0.00113441857773645,152.274995824078,0.470293848285821,29.3585152621761
2009,0.0194699225574905,48.4717206353141,0.0206117820133536,9.26677101013356
2010,1.55761440439886,0.00471783762402163,0.00646525037464582,0.0263326145135436
2011,1.22825007825579,49.2710611073847,30.954927104626,286.333604861209
2012,115.932594303479,7.85083512633744,131.785628415279,89.9683114818337
2013,232.129464447135,88.0271765357918,2.43700356337863,1183.74669762487
2014,2.51394422774003,4595.63868346717,88758.1045100665,107.509371951064
2015,48.1368897458012,2177.55920828472,359.816328180885,52.3250542854017
