year, winter, spring, summer, fall
2009,0.210527554308324,0.0211660674076191,0.114052957475279,0.0995407637980141
2010,0.00673682777935821,0.240720772285073,0.0101407119953403,0.200475346459857
2011,0.449707979644439,0.0941228206027491,0.104189304861436,0.0124105704400118
2012,0.168290657617915,2.24362372956112e-05,0.0137438861440446,0.197733352573778
2013,0.00467438367448868,0.130065752968764,0.204724657598746,0.346175775998069
2014,0.00611299211802447,0.260835616001602,0.00271327783835213,0.150607883626672
2015,0.209992769033445,0.324831856109103,0.0943608817558312,0.0533187271354859
2016,0.139777110863019,0.140559790315952,0.0376389490475311,0.238582174398479
2017,4.30887285113846e-05,0.00125031589065815,2.44319304656684,0.000402784004074106
