year, winter, spring, summer, fall
2010,0.0467563477989634,0.0153942216552464,5.61337276805629,1.07810387306289
2011,0.00605179380701074,1.40842919370981e-07,0.0134321219514117,0.09204526235193
2012,0.00475459158188644,0.00068023084860731,1.279880618789,0.0115565216532228
2013,0.0101376104554013,0.0079461422453809,0.0373654039452131,0.00287460047345702
2014,0.0230041687861958,0.0535538329539321,0.00471853925127747,1.12820100306244
2015,0.02635267326537,0.0282368634354005,1.40471233986066e-05,0.00177212161918152
2016,0.0217072002531955,0.0172845803249723,0.732917507347036,0.137458946548783
2017,1.20786897336192e-05,0.0381451857467133,0.0106081481325497,0.00142528976658031
