year, winter, spring, summer, fall
2015,0.105891121913349,0.764888831159468,0.113889483857963,0.0132022885181068
2016,1.11041235193204,0.0323809652425099,0.419943411954697,0.000635507884222924
2017,0.000985714418270138,0.0869709115828465,0.295076690268669,2.26189866221785
