year, winter, spring, summer, fall
2013,1.15819663548349,0.139393552379906,0.125575508769113,0.152779915551352
2014,0.0117180321990224,0.200873341149187,0.000217688116632392,0.047996568110661
2015,0.00285831486308576,4.10373089448452,0.0153084145208416,0.0721275169833291
2016,1.28911491332939e-05,0.0307377990313776,0.119125182000598,0.258819816880866
2017,0.025316054784082,0.0352971131954156,0.0503798109031767,0.260419174206959
