year, winter, spring, summer, fall
2016,0.0168435199369062,0.058171542955366,0.786125419891817,0.134274668688612
2017,0.0400801723546691,0.019049521417314,0.617715733624465,0.792857320687423
