year, winter, spring, summer, fall
2015,0.447156156496446,0.156065463299088,0.226033316047354,1.47220112721655
2016,0.360203966584774,0.129847653703091,0.0383974486517781,3.35115238479907
2017,0.0353334273530029,0.87695374039997,4.3239426234856e-05,3.63445232886229
